{
    "protection end percent": [
        0.28448131161454815, 
        0.3714950189287904, 
        0.5039468277344299, 
        0.5843975603488089, 
        0.5657533901664665, 
        0.533128325461595
    ], 
    "insurances": {
        "level 1": [
            0.08741350387921996, 
            0.04885720276787586, 
            0.05976095617529881, 
            0.24203187250996017, 
            0.062041308450408894, 
            0.04757286642902076, 
            0.15750157265674145, 
            0.2948207171314741
        ], 
        "level 2": [
            0.05948063857279813, 
            0.04847651202534284, 
            0.04009837022216665, 
            0.175065649618607, 
            0.08390646492434663, 
            0.05489558584469176, 
            0.17227293568421492, 
            0.3658038431078321
        ], 
        "level 3": [
            0.05449726685439788, 
            0.054000331290376014, 
            0.03669040914361438, 
            0.15214510518469437, 
            0.10062945171442769, 
            0.047457346364088125, 
            0.17657777041576941, 
            0.3780023190326321
        ], 
        "level 4": [
            0.07680579378692587, 
            0.06613302839717934, 
            0.041928721174004195, 
            0.1234991423670669, 
            0.12883552506194015, 
            0.04535925290642272, 
            0.16771488469601678, 
            0.34972365161044405
        ], 
        "level 5": [
            0.09533898305084745, 
            0.08050847457627118, 
            0.048305084745762714, 
            0.12245762711864407, 
            0.13644067796610168, 
            0.046610169491525424, 
            0.15720338983050847, 
            0.31313559322033896
        ], 
        "level 6": [
            0.11580594679186229, 
            0.06259780907668232, 
            0.04381846635367762, 
            0.15023474178403756, 
            0.13928012519561817, 
            0.06416275430359937, 
            0.14397496087636932, 
            0.28012519561815336
        ]
    }, 
    "research time": [
        37.67769739087683, 
        47.06233568026697, 
        51.729175262883764, 
        56.11636390604472, 
        60.198114150131154, 
        66.74990933937646
    ]
}