{
    "insurances_level5a": [
        -0.062597809076682318, 
        0.0, 
        0.0, 
        0.0, 
        0.0, 
        0.93740219092331767
    ], 
    "insurances_level4b": [
        -0.048305084745762714, 
        0.0, 
        0.0, 
        0.0, 
        0.0, 
        0.95169491525423733
    ], 
    "insurances_level5nil": [
        -0.11580594679186229, 
        0.0, 
        0.0, 
        0.0, 
        0.0, 
        0.88419405320813771
    ], 
    "insurances_level5b": [
        -0.043818466353677622, 
        0.0, 
        0.0, 
        0.0, 
        0.0, 
        0.95618153364632241
    ], 
    "insurances_level3bc": [
        -0.16771488469601678, 
        -0.16771488469601678, 
        0.0, 
        0.0, 
        0.0, 
        0.83228511530398319
    ], 
    "insurances_level4bc": [
        -0.15720338983050847, 
        0.0, 
        0.0, 
        0.0, 
        0.0, 
        0.84279661016949148
    ], 
    "insurances_level5bc": [
        -0.14397496087636932, 
        0.0, 
        0.0, 
        0.0, 
        0.0, 
        0.8560250391236307
    ], 
    "insurances_level5abc": [
        -0.28012519561815336, 
        0.0, 
        0.0, 
        0.0, 
        0.0, 
        0.71987480438184659
    ], 
    "insurances_level1a": [
        -0.048476512025342838, 
        -0.048476512025342838, 
        -0.048476512025342838, 
        -0.048476512025342838, 
        0.0, 
        0.95152348797465713
    ], 
    "insurances_level5c": [
        -0.15023474178403756, 
        0.0, 
        0.0, 
        0.0, 
        0.0, 
        0.84976525821596249
    ], 
    "insurances_level1c": [
        -0.17506564961860699, 
        -0.17506564961860699, 
        -0.17506564961860699, 
        0.0, 
        0.11064863609567871, 
        0.82493435038139307
    ], 
    "insurances_level1b": [
        -0.040098370222166647, 
        -0.040098370222166647, 
        -0.040098370222166647, 
        -0.040098370222166647, 
        0.0, 
        0.95990162977783333
    ], 
    "insurances_level2bc": [
        -0.17657777041576941, 
        -0.17657777041576941, 
        -0.17657777041576941, 
        0.0, 
        0.0, 
        0.82342222958423061
    ], 
    "insurances_level4ac": [
        -0.046610169491525424, 
        0.0, 
        0.0, 
        0.0, 
        0.0, 
        0.95338983050847459
    ], 
    "insurances_level2ac": [
        -0.047457346364088125, 
        -0.047457346364088125, 
        -0.047457346364088125, 
        0.0, 
        0.0, 
        0.95254265363591184
    ], 
    "insurances_level3abc": [
        -0.34972365161044405, 
        -0.34972365161044405, 
        0.0, 
        0.0, 
        0.0, 
        0.65027634838955595
    ], 
    "insurances_level5ab": [
        -0.13928012519561817, 
        0.0, 
        0.0, 
        0.0, 
        0.0, 
        0.86071987480438183
    ], 
    "insurances_level0ab": [
        -0.062041308450408894, 
        -0.062041308450408894, 
        -0.062041308450408894, 
        -0.062041308450408894, 
        0.0, 
        0.93795869154959111
    ], 
    "insurances_level0ac": [
        -0.047572866429020762, 
        -0.047572866429020762, 
        -0.047572866429020762, 
        -0.047572866429020762, 
        -0.047572866429020762, 
        0.95242713357097919
    ], 
    "insurances_level0abc": [
        -0.29482071713147412, 
        -0.29482071713147412, 
        -0.29482071713147412, 
        -0.29482071713147412, 
        0.1051792828685259, 
        0.70517928286852594
    ], 
    "minutes_played": [
        0, 
        9.0, 
        18.0, 
        30.0, 
        54.0, 
        498
    ], 
    "insurances_level1ac": [
        -0.054895585844691758, 
        -0.054895585844691758, 
        -0.054895585844691758, 
        -0.054895585844691758, 
        0.0, 
        0.94510441415530821
    ], 
    "insurances_level1ab": [
        -0.083906464924346627, 
        -0.083906464924346627, 
        -0.083906464924346641, 
        -0.083906464924346627, 
        0.0, 
        0.91609353507565339
    ], 
    "protection_percent_level5": [
        -0.38312831950113058, 
        -0.14612833094522237, 
        -0.044928322552888367, 
        0.02487170267179728, 
        0.11827167439535383, 
        0.45687168407514811
    ], 
    "protection_percent_level4": [
        -0.40375338968962937, 
        -0.13735339817733075, 
        -0.050753404471581276, 
        0.02697994135488559, 
        0.10644659819870686, 
        0.42424661937027663
    ], 
    "insurances_level2b": [
        -0.036690409143614378, 
        -0.036690409143614378, 
        -0.036690409143614378, 
        0.0, 
        0.0, 
        0.96330959085638557
    ], 
    "insurances_level2c": [
        -0.15214510518469437, 
        -0.15214510518469437, 
        -0.15214510518469437, 
        0.0, 
        0.0, 
        0.84785489481530563
    ], 
    "protection_percent_level1": [
        -0.37149501892879039, 
        -0.20334501865460899, 
        -0.01067683740321318, 
        0.11623831537411181, 
        0.23350498971388312, 
        0.61850499060795272
    ], 
    "protection_percent_level0": [
        -0.28448131161454815, 
        -0.19268131035092967, 
        -0.038424167594263203, 
        0.096468686287368349, 
        0.21712778330051677, 
        0.70551869792219501
    ], 
    "protection_percent_level3": [
        -0.58439756034880885, 
        -0.13939756750136623, 
        -0.039897552123367874, 
        0.039602452525794418, 
        0.12260245681732884, 
        0.40560244918793431
    ], 
    "protection_percent_level2": [
        -0.50394682773442989, 
        -0.14904683717580561, 
        -0.027946828688104219, 
        0.064424597196006406, 
        0.15605319849161381, 
        0.48605318180231327
    ], 
    "insurances_level3nil": [
        -0.076805793786925869, 
        -0.076805793786925869, 
        0.0, 
        0.0, 
        0.0, 
        0.92319420621307413
    ], 
    "insurances_level4c": [
        -0.12245762711864407, 
        0.0, 
        0.0, 
        0.0, 
        0.0, 
        0.87754237288135595
    ], 
    "insurances_level4ab": [
        -0.13644067796610168, 
        0.0, 
        0.0, 
        0.0, 
        0.0, 
        0.86355932203389829
    ], 
    "insurances_level4a": [
        -0.08050847457627118, 
        0.0, 
        0.0, 
        0.0, 
        0.0, 
        0.91949152542372881
    ], 
    "insurances_level4abc": [
        -0.31313559322033896, 
        0.0, 
        0.0, 
        0.0, 
        0.0, 
        0.68686440677966099
    ], 
    "insurances_level1nil": [
        -0.059480638572798131, 
        -0.059480638572798131, 
        -0.059480638572798131, 
        -0.059480638572798131, 
        0.0, 
        0.94051936142720183
    ], 
    "insurances_level5ac": [
        -0.06416275430359937, 
        0.0, 
        0.0, 
        0.0, 
        0.0, 
        0.93583724569640059
    ], 
    "insurances_level2a": [
        -0.054000331290376014, 
        -0.054000331290376014, 
        -0.054000331290376014, 
        0.0, 
        0.0, 
        0.94599966870962393
    ], 
    "insurances_level0b": [
        -0.059760956175298807, 
        -0.059760956175298807, 
        -0.059760956175298807, 
        -0.059760956175298807, 
        0.0, 
        0.94023904382470125
    ], 
    "insurances_level0c": [
        -0.24203187250996017, 
        -0.24203187250996017, 
        -0.24203187250996017, 
        0.0, 
        0.41287008827436422, 
        0.75796812749003983
    ], 
    "insurances_level0a": [
        -0.048857202767875862, 
        -0.048857202767875862, 
        -0.048857202767875862, 
        -0.048857202767875862, 
        0.0, 
        0.95114279723212414
    ], 
    "insurances_level2abc": [
        -0.37800231903263209, 
        -0.37800231903263209, 
        0.0, 
        0.0, 
        0.028664347634043689, 
        0.62199768096736796
    ],